tool,accuracy,correct,total,input_tokens_mean,output_tokens_mean,total_tokens_mean,input_cost_mean,output_cost_mean,total_cost_mean
claude-prediction-offline,0.32018927444794953,1015,3170,738.1170347003155,40.99053627760252,779.1075709779179,0.005904936277602523,0.0009837728706624603,0.006888709148264979
claude-prediction-online,0.32533164876816173,1030,3166,858.8291219204043,41.43114339861023,900.2602653190145,0.006870632975363228,0.0009943474415666455,0.007864980416929873
prediction-offline,0.34945736434108526,1127,3225,537.7742635658915,41.416434108527135,579.1906976744186,0.0005377742635658909,8.283286821705428e-05,0.000620607131782945
prediction-offline-sme,0.36149068322981365,1164,3220,1029.3509316770187,164.57111801242235,1193.9220496894409,0.001029350931677007,0.0003291422360248402,0.001358493167701847
prediction-online,0.3786046511627907,1221,3225,654.7175193798449,41.48744186046512,696.2049612403101,0.0006547175193798406,8.297488372093025e-05,0.0007376924031007653
prediction-online-sme,0.35922933499067744,1156,3218,1145.2719080174022,165.93132380360473,1311.2032318210067,0.0011452719080173928,0.00033186264760720385,0.0014771345556245986
prediction-online-summarized-info,0.3500931098696462,1128,3222,537.774053382992,41.41620111731844,579.1902545003104,0.0005377740533829913,8.283240223463687e-05,0.000620606455617628
