tool,accuracy,correct,total,input_tokens_mean,output_tokens_mean,total_tokens_mean,input_cost_mean,output_cost_mean,total_cost_mean
prediction-offline,0.6365914786967418,254,399,538.5263157894736,41.86466165413534,580.390977443609,0.0005385263157894732,8.372932330827068e-05,0.0006222556390977439
prediction-offline-sme,0.6021276595744681,283,470,1029.4276595744682,160.29787234042553,1189.7255319148935,0.001029427659574459,0.00032059574468084424,0.0013500234042553034
prediction-online-sme,0.5583864118895966,263,471,1620.031847133758,233.4352441613588,1853.4670912951167,0.001620031847133749,0.00046687048832270213,0.002086902335456468
prediction-online-summarized-info,0.635,254,400,896.4575,112.375,1008.8325,0.0008964574999999995,0.00022474999999999926,0.0011212074999999995
prediction-online,0.6369426751592356,300,471,1131.8513800424628,112.63057324840764,1244.4819532908705,0.0011318513800424544,0.00022526114649681488,0.0013571125265392657
claude-prediction-offline,0.75,219,292,738.3150684931506,40.98287671232877,779.2979452054794,0.005906520547945206,0.0009835890410958901,0.00689010958904109
claude-prediction-online,0.6991643454038997,251,359,1450.2479108635098,81.47353760445682,1531.7214484679666,0.011601983286908066,0.001955364902506964,0.013557348189415024
