tool,accuracy,correct,total,crowd_accuracy,input_tokens_mean,output_tokens_mean,total_tokens_mean,input_cost_mean,output_cost_mean,total_cost_mean
prediction-offline,0.6599326599326599,196,297,0.8855218855218855,538.2895622895622,41.36700336700337,579.6565656565657,0.0005382895622895623,8.273400673400674e-05,0.000621023569023569
prediction-online,0.676737160120846,224,331,0.8882175226586103,1106.392749244713,113.29909365558912,1219.6918429003022,0.0011063927492447046,0.00022659818731117644,0.001332990936555879
prediction-offline-sme,0.599406528189911,202,337,0.884272997032641,1028.540059347181,161.66172106824925,1190.2017804154302,0.0010285400593471705,0.0003233234421364902,0.0013518635014836643
prediction-online-sme,0.5905044510385756,199,337,0.884272997032641,1600.818991097923,234.10089020771514,1834.919881305638,0.0016008189910979135,0.0004682017804154148,0.0020690207715133428
prediction-online-summarized-info,0.6209150326797386,190,306,0.8856209150326797,895.5294117647059,112.92483660130719,1008.4542483660131,0.0008955294117647058,0.0002258496732026124,0.0011213790849673195
claude-prediction-online,0.6600660066006601,200,303,0.8877887788778878,1423.7095709570958,81.60396039603961,1505.3135313531352,0.01138967656765676,0.0019584950495049507,0.013348171617161701
claude-prediction-offline,0.7201834862385321,157,218,0.8853211009174312,738.4862385321101,40.99082568807339,779.4770642201835,0.005907889908256881,0.000983779816513761,0.006891669724770637
